prosumer,hour,p_ch,p_dis,action
0,0,0.9336915173110214,0.0,0.37347660692440854
0,1,0.0,0.0,0.0
0,2,0.0,0.0,0.0
0,3,0.0,0.0,0.0
0,4,0.0,0.0,0.0
0,5,0.0,0.0,0.0
0,6,0.0,0.0,0.0
0,7,0.0,0.0,0.0
0,8,0.0,0.0,0.0
0,9,0.31353166666666654,0.0,0.12541266666666662
0,10,0.4841358333333332,0.0,0.1936543333333333
0,11,1.0518955917592456,0.0,0.4207582367036983
0,12,0.5456483333333335,0.0,0.21825933333333342
0,13,0.9286439008940102,0.0,0.3714575603576041
0,14,0.7078414900357224,0.0,0.283136596014289
0,15,0.03461166666666715,0.0,0.013844666666666861
0,16,0.0,0.0,0.0
0,17,0.0,0.7558421052631585,-0.3023368421052634
0,18,0.0,1.6402807017543863,-0.6561122807017545
0,19,0.0,2.113070175438595,-0.8452280701754381
0,20,0.0,0.49080701754385947,-0.1963228070175438
0,21,0.0,0.0,0.0
0,22,0.0,0.0,0.0
0,23,0.0,0.0,0.0
1,0,0.0,0.0,0.0
1,1,0.0,0.0,0.0
1,2,1.1882930765298894,0.0,0.23765861530597787
1,3,0.0,0.0,0.0
1,4,0.0,0.0,0.0
1,5,0.0,0.0,0.0
1,6,0.0,0.0,0.0
1,7,0.0,0.0,0.0
1,8,0.2935418635651379,0.0,0.058708372713027576
1,9,0.3454516666666674,0.0,0.06909033333333348
1,10,0.7272250000000007,0.0,0.14544500000000013
1,11,0.22122333333333444,0.0,0.04424466666666689
1,12,0.9504908333333342,0.0,0.19009816666666685
1,13,0.8923508333333334,0.0,0.17847016666666668
1,14,0.13262000000000107,0.0,0.026524000000000214
1,15,0.0,0.0,0.0
1,16,0.0,0.0,0.0
1,17,0.0,1.038859649122807,-0.2077719298245614
1,18,0.0,0.6286666666666667,-0.12573333333333334
1,19,0.0,0.8285614035087718,-0.16571228070175437
1,20,0.0,0.6367368421052628,-0.12734736842105257
1,21,0.0,1.0446702909722259,-0.20893405819444516
1,22,0.0,0.4802280701754382,-0.09604561403508764
1,23,0.0,0.09347368421052593,-0.018694736842105188
2,0,0.0,0.0,0.0
2,1,0.0,0.0,0.0
2,2,0.0,0.0,0.0
2,3,0.0,0.0,0.0
2,4,0.0,0.0,0.0
2,5,0.0,0.0,0.0
2,6,0.0,0.0,0.0
2,7,0.0,0.0,0.0
2,8,0.0,0.0,0.0
2,9,0.0,0.0,0.0
2,10,0.0,0.0,0.0
2,11,0.0,0.0,0.0
2,12,0.0,0.0,0.0
2,13,0.0,0.0,0.0
2,14,0.0,0.0,0.0
2,15,0.0,0.0,0.0
2,16,0.0,0.0,0.0
2,17,0.0,0.0,0.0
2,18,0.0,0.0,0.0
2,19,0.0,0.0,0.0
2,20,0.0,0.0,0.0
2,21,0.0,0.0,0.0
2,22,0.0,0.0,0.0
2,23,0.0,0.0,0.0
3,0,0.0,0.0,0.0
3,1,0.0,0.0,0.0
3,2,0.0,0.0,0.0
3,3,0.0,0.0,0.0
3,4,0.0,0.0,0.0
3,5,0.0,0.0,0.0
3,6,0.0,0.0,0.0
3,7,0.0,0.0,0.0
3,8,0.0,0.0,0.0
3,9,0.8589547365543959,0.0,0.11452729820725278
3,10,0.3353746806707303,0.0,0.0447166240894307
3,11,1.750232500000001,0.0,0.23336433333333345
3,12,0.0,0.0,0.0
3,13,1.6438483333333336,0.0,0.2191797777777778
3,14,1.5006358333333338,0.0,0.20008477777777783
3,15,0.0,0.0,0.0
3,16,0.0,0.0,0.0
3,17,0.0,0.613052631578948,-0.08174035087719306
3,18,0.0,2.8349207307209605,-0.37798943076279473
3,19,0.0,1.815352513645264,-0.24204700181936853
3,20,0.0,0.3343586558576872,-0.04458115411435829
3,21,0.0,0.3343440082292819,-0.044579201097237585
3,22,0.0,0.097017543859649,-0.012935672514619866
3,23,0.0,0.0600000000000005,-0.008000000000000066
4,0,0.0,0.0,0.0
4,1,0.0,0.0,0.0
4,2,0.0,0.0,0.0
4,3,0.5211384392544789,0.0,0.20845537570179157
4,4,0.0,0.0,0.0
4,5,0.0,0.0,0.0
4,6,0.0,0.0,0.0
4,7,0.0,0.0,0.0
4,8,0.0,0.0,0.0
4,9,0.1881474999999999,0.0,0.07525899999999996
4,10,0.3188833333333334,0.0,0.12755333333333335
4,11,0.6904036660086805,0.0,0.2761614664034722
4,12,0.5829833333333334,0.0,0.23319333333333336
4,13,0.4492866666666666,0.0,0.17971466666666663
4,14,0.33813666666666675,0.0,0.1352546666666667
4,15,0.3185033333333336,0.0,0.12740133333333342
4,16,0.09735916666666666,0.0,0.03894366666666667
4,17,0.0,0.0,0.0
4,18,0.0,0.634105263157895,-0.253642105263158
4,19,0.0,0.6384035087719302,-0.25536140350877207
4,20,0.0,0.856245614035088,-0.3424982456140352
4,21,0.0,0.920894736842105,-0.368357894736842
4,22,0.0,0.4551929824561398,-0.18207719298245592
4,23,0.0,0.0,0.0
5,0,0.0,0.0,0.0
5,1,1.3057643889160748,0.0,0.5223057555664299
5,2,0.0,0.0,0.0
5,3,0.0,0.0,0.0
5,4,0.0,0.0,0.0
5,5,0.5040881110839233,0.0,0.2016352444335693
5,6,0.0,0.0,0.0
5,7,0.0,0.0,0.0
5,8,0.19856583333333377,0.0,0.07942633333333352
5,9,0.28628250000000044,0.0,0.11451300000000017
5,10,0.3964983333333336,0.0,0.15859933333333345
5,11,0.4630933333333336,0.0,0.18523733333333342
5,12,0.4134241666666667,0.0,0.1653696666666667
5,13,0.4870175000000003,0.0,0.19480700000000012
5,14,0.4265975000000002,0.0,0.17063900000000007
5,15,0.31505166666666673,0.0,0.1260206666666667
5,16,0.20361666666666656,0.0,0.08144666666666663
5,17,0.0,1.7030718789747343,-0.6812287515898937
5,18,0.0,0.3654544368147392,-0.1461817747258957
5,19,0.0,0.431473684210526,-0.1725894736842104
5,20,0.0,2.5,-1.0
5,21,0.0,0.0,0.0
5,22,0.0,0.0,0.0
5,23,0.0,0.0,0.0
6,0,0.0,0.0,0.0
6,1,0.0,0.0,0.0
6,2,0.0,0.0,0.0
6,3,0.0,0.0,0.0
6,4,0.0,0.0,0.0
6,5,0.0,0.0,0.0
6,6,0.0,0.0,0.0
6,7,0.0,0.0,0.0
6,8,0.0,0.0,0.0
6,9,0.20718464912281398,0.0,0.027624619883041865
6,10,0.6187508333333334,0.0,0.08250011111111112
6,11,0.6878158333333335,0.0,0.0917087777777778
6,12,0.0,0.0,0.0
6,13,0.4709308333333331,0.0,0.06279077777777774
6,14,1.0740066666666666,0.0,0.14320088888888888
6,15,1.0211708333333336,0.0,0.13615611111111114
6,16,0.0,0.0,0.0
6,17,0.0,0.30724561403508766,-0.04096608187134502
6,18,0.0,0.07396491228070179,-0.009861988304093572
6,19,0.0,0.42691228070175313,-0.056921637426900415
6,20,0.0,0.6907719298245611,-0.09210292397660816
6,21,0.0,0.9741754385964922,-0.1298900584795323
6,22,0.0,0.8353333333333328,-0.11137777777777771
6,23,0.0,0.7714561403508764,-0.10286081871345018
7,0,0.0,0.0,0.0
7,1,0.0,0.0,0.0
7,2,0.0,0.0,0.0
7,3,0.0,0.0,0.0
7,4,0.0,0.0,0.0
7,5,0.0,0.0,0.0
7,6,0.0,1.6876828921644202,-0.2250243856219227
7,7,0.0,0.0,0.0
7,8,0.28563333333333407,0.0,0.038084444444444546
7,9,0.9706783333333329,0.0,0.12942377777777772
7,10,0.0,0.0,0.0
7,11,1.7546500000000007,0.0,0.23395333333333343
7,12,1.554801781260334,0.0,0.20730690416804454
7,13,1.7315333333333331,0.0,0.23087111111111108
7,14,1.444253333333334,0.0,0.19256711111111122
7,15,0.6596799999999998,0.0,0.0879573333333333
7,16,0.5144026499929417,0.0,0.06858701999905889
7,17,0.0,0.49673684210526314,-0.06623157894736842
7,18,0.0,1.1116315789473683,-0.1482175438596491
7,19,0.0,0.026456140350877178,-0.003527485380116957
7,20,0.0,0.11210526315789426,-0.014947368421052569
7,21,0.0,1.4765964912280687,-0.1968795321637425
7,22,0.0,2.629929824561404,-0.3506573099415205
7,23,0.0,1.3744937320713113,-0.18326583094284152
8,0,0.0,0.0,0.0
8,1,0.0,0.0,0.0
8,2,0.0,0.0,0.0
8,3,0.0,0.0,0.0
8,4,0.0,0.0,0.0
8,5,0.0,0.0,0.0
8,6,0.0,0.0,0.0
8,7,0.0,0.0,0.0
8,8,0.16181666666666672,0.0,0.06472666666666668
8,9,0.23795916666666672,0.0,0.0951836666666667
8,10,0.4111125000000002,0.0,0.1644450000000001
8,11,1.0319078386312366,0.0,0.41276313545249466
8,12,0.539315,0.0,0.215726
8,13,0.421451666666667,0.0,0.1685806666666668
8,14,0.34926749999999984,0.0,0.13970699999999994
8,15,0.1272366666666671,0.0,0.050894666666666845
8,16,0.15106583333333345,0.0,0.06042633333333338
8,17,0.0,0.0,0.0
8,18,0.0,0.19049122807017582,-0.07619649122807033
8,19,0.0,0.31907017543859606,-0.12762807017543842
8,20,0.0,1.0830626631926399,-0.43322506527705595
8,21,0.0,0.5330877192982455,-0.2132350877192982
8,22,0.0,0.6320175438596491,-0.25280701754385965
8,23,0.0,0.6734035087719299,-0.26936140350877197
9,0,0.0,0.0,0.0
9,1,0.0,0.0,0.0
9,2,1.3139450331023426,0.0,0.2627890066204685
9,3,0.0,0.0,0.0
9,4,2.6943552867198854,0.0,0.5388710573439771
9,5,0.0,0.0,0.0
9,6,0.0,0.0,0.0
9,7,0.0,0.0,0.0
9,8,0.0,0.0,0.0
9,9,0.7740758333333329,0.0,0.15481516666666656
9,10,0.9661183333333341,0.0,0.19322366666666682
9,11,0.43728500000000015,0.0,0.08745700000000003
9,12,0.0,0.0,0.0
9,13,1.0723125000000002,0.0,0.21446250000000006
9,14,0.9804000000000004,0.0,0.1960800000000001
9,15,0.6063154696514585,0.0,0.12126309393029171
9,16,0.48750833333333343,0.0,0.09750166666666668
9,17,0.0,0.11945614035087626,-0.02389122807017525
9,18,0.0,0.0,0.0
9,19,0.0,0.4438771929824554,-0.08877543859649109
9,20,0.0,5.0,-1.0
9,21,0.0,1.832701754385965,-0.366540350877193
9,22,0.0,1.9362807017543866,-0.3872561403508773
9,23,0.0,0.0,0.0
10,0,0.0,0.0,0.0
10,1,0.995857837351922,0.0,0.1991715674703844
10,2,0.0,0.0,0.0
10,3,2.3163015068534216,0.0,0.4632603013706843
10,4,0.0,0.0,0.0
10,5,0.0,0.0,0.0
10,6,0.0,0.0,0.0
10,7,0.0,0.0,0.0
10,8,0.0,0.0,0.0
10,9,0.4558258333333338,0.0,0.09116516666666677
10,10,0.42191083333333346,0.0,0.08438216666666669
10,11,0.2050258333333339,0.0,0.04100516666666678
10,12,0.6239916666666669,0.0,0.12479833333333339
10,13,0.14006166666666608,0.0,0.028012333333333216
10,14,0.5098016666666672,0.0,0.10196033333333343
10,15,0.250372500000001,0.0,0.0500745000000002
10,16,0.0824600000000002,0.0,0.01649200000000004
10,17,0.0,0.009140350877193448,-0.0018280701754386896
10,18,0.0,0.19508771929824498,-0.03901754385964899
10,19,0.0,0.9137017543859649,-0.18274035087719298
10,20,0.0,1.7633859649122803,-0.35267719298245603
10,21,0.0,1.150561403508772,-0.23011228070175438
10,22,0.0,0.9128596491228071,-0.18257192982456144
10,23,0.0,1.0568725021000809,-0.21137450042001618
11,0,0.0,0.0,0.0
11,1,0.0,0.0,0.0
11,2,0.0,0.0,0.0
11,3,0.0,0.0,0.0
11,4,0.0,0.0,0.0
11,5,0.0,0.0,0.0
11,6,0.0,0.0,0.0
11,7,0.0,0.0977941827872062,-0.01955883655744124
11,8,0.0,0.0,0.0
11,9,0.5839016666666668,0.0,0.11678033333333335
11,10,0.6598066666666664,0.0,0.1319613333333333
11,11,0.8950266666666673,0.0,0.17900533333333346
11,12,1.1989791666666676,0.0,0.2397958333333335
11,13,1.1056416666666675,0.0,0.2211283333333335
11,14,0.9826166666666669,0.0,0.19652333333333338
11,15,0.7761500000000003,0.0,0.15523000000000006
11,16,0.5589166666666676,0.0,0.11178333333333353
11,17,0.0,0.0,0.0
11,18,0.0,0.9069824561403514,-0.18139649122807028
11,19,0.0,0.4737017543859645,-0.0947403508771929
11,20,0.0,0.9192982456140344,-0.1838596491228069
11,21,0.0,2.846911650546126,-0.5693823301092251
11,22,0.0,0.7584035087719299,-0.15168070175438597
11,23,0.0,0.7579473684210525,-0.1515894736842105
12,0,0.0,0.0,0.0
12,1,0.0,0.0,0.0
12,2,0.0,0.0,0.0
12,3,0.0,0.0,0.0
12,4,0.0,0.0,0.0
12,5,0.0,0.0,0.0
12,6,0.0,0.0,0.0
12,7,0.0,0.0,0.0
12,8,0.0,0.0,0.0
12,9,0.0,0.0,0.0
12,10,0.0,0.0,0.0
12,11,0.0,0.0,0.0
12,12,0.0,0.0,0.0
12,13,0.0,0.0,0.0
12,14,0.0,0.0,0.0
12,15,0.0,0.0,0.0
12,16,0.0,0.0,0.0
12,17,0.0,0.0,0.0
12,18,0.0,0.0,0.0
12,19,0.0,0.0,0.0
12,20,0.0,0.0,0.0
12,21,0.0,0.0,0.0
12,22,0.0,0.0,0.0
12,23,0.0,0.0,0.0
13,0,0.0,0.0,0.0
13,1,0.0,0.0,0.0
13,2,0.0,0.0,0.0
13,3,0.0,0.0,0.0
13,4,0.0,0.0,0.0
13,5,0.0,0.0,0.0
13,6,0.0,0.0,0.0
13,7,0.0,0.0,0.0
13,8,0.0,0.0,0.0
13,9,0.0,0.0,0.0
13,10,0.0,0.0,0.0
13,11,0.0,0.0,0.0
13,12,0.0,0.0,0.0
13,13,0.0,0.0,0.0
13,14,0.0,0.0,0.0
13,15,0.0,0.0,0.0
13,16,0.0,0.0,0.0
13,17,0.0,0.0,0.0
13,18,0.0,0.0,0.0
13,19,0.0,0.0,0.0
13,20,0.0,0.0,0.0
13,21,0.0,0.0,0.0
13,22,0.0,0.0,0.0
13,23,0.0,0.0,0.0
